{
  "position": {
    "x": 15936.320831865918,
    "y": 8.728045713001388
  },
  "velocity": {
    "x": 1522.5287458060684,
    "y": 1.5633530736060468
  },
  "angle": 0,
  "angularVelocity": 0
}