{
  "position": {
    "x": 265605.34719776537,
    "y": 145.46742855002321
  },
  "velocity": {
    "x": 25375.479096767813,
    "y": 26.055884560100793
  },
  "angle": 0,
  "angularVelocity": 0
}