{
  "position": {
    "x": -1562879381.690947,
    "y": 0
  },
  "velocity": {
    "x": -188642948.44016504,
    "y": 0
  },
  "angle": 0,
  "angularVelocity": 0
}