{
  "position": {
    "x": -12679897844.517176,
    "y": 0
  },
  "velocity": {
    "x": -76349832.65404892,
    "y": 0
  },
  "angle": 0,
  "angularVelocity": 0
}