{
  "position": {
    "x": 6421019.306528828,
    "y": 0
  },
  "velocity": {
    "x": -42.350111971609294,
    "y": 0
  },
  "angle": 0,
  "angularVelocity": 0
}