{
  "position": {
    "x": 6420129.601404203,
    "y": 0
  },
  "velocity": {
    "x": -2.8834476554766297,
    "y": 0
  },
  "angle": 0,
  "angularVelocity": 0
}