{
  "position": {
    "x": -7745047586.2484255,
    "y": 0
  },
  "velocity": {
    "x": -126196804.95978737,
    "y": 0
  },
  "angle": 0,
  "angularVelocity": 0
}