{
  "position": {
    "x": 6420361.935716628,
    "y": 0
  },
  "velocity": {
    "x": -7.608121455647051,
    "y": 0
  },
  "angle": 0,
  "angularVelocity": 0
}