{
  "position": {
    "x": 6419792.283143389,
    "y": 0
  },
  "velocity": {
    "x": -987.8008398320526,
    "y": 0
  },
  "angle": 0,
  "angularVelocity": 0
}