{
  "position": {
    "x": 6412992.574320476,
    "y": 0
  },
  "velocity": {
    "x": -919.1169123295695,
    "y": 0
  },
  "angle": 0,
  "angularVelocity": 0
}