{
  "position": {
    "x": 6416010.968591654,
    "y": 0
  },
  "velocity": {
    "x": -949.6057433513924,
    "y": 0
  },
  "angle": 0,
  "angularVelocity": 0
}