{
  "position": {
    "x": 999.9999999004667,
    "y": 0.06
  },
  "velocity": {
    "x": -9.953328117262572e-8,
    "y": 0.06
  },
  "angle": 0,
  "angularVelocity": 0
}