{
  "position": {
    "x": 999.9999945256695,
    "y": 0.59999999901462
  },
  "velocity": {
    "x": -9.953328117262572e-7,
    "y": 0.05999999973126002
  },
  "angle": 0,
  "angularVelocity": 0
}