{
  "position": {
    "x": 999.9998730952897,
    "y": 2.9999998756335926
  },
  "velocity": {
    "x": -0.000004976644959242549,
    "y": 0.05999999268434708
  },
  "angle": 0,
  "angularVelocity": 0
}