{
  "position": {
    "x": 999.9968773135192,
    "y": 14.999984449700413
  },
  "velocity": {
    "x": -0.000024880602040866506,
    "y": 0.05999981415196487
  },
  "angle": 0,
  "angularVelocity": 0
}