{
  "position": {
    "x": 199.728742073333,
    "y": 0
  },
  "velocity": {
    "x": -0.009838976642527086,
    "y": 0
  },
  "angle": 0,
  "angularVelocity": 0
}