{
  "position": {
    "x": 962.3385214529844,
    "y": 0
  },
  "velocity": {
    "x": -0.6527162963578803,
    "y": 0
  },
  "angle": 0,
  "angularVelocity": 0
}