{
  "position": {
    "x": 999.4685707285352,
    "y": 0
  },
  "velocity": {
    "x": -0.09520313688005899,
    "y": 0
  },
  "angle": 0,
  "angularVelocity": 0
}