{
  "position": {
    "x": 199.0715969995207,
    "y": 0
  },
  "velocity": {
    "x": -0.015840271813630125,
    "y": 0
  },
  "angle": 0,
  "angularVelocity": 0
}