{
  "position": {
    "x": 989.1104087473842,
    "y": 0
  },
  "velocity": {
    "x": -0.39645466281820063,
    "y": 0
  },
  "angle": 0,
  "angularVelocity": 0
}