{
  "position": {
    "x": 19998.67163471159,
    "y": 0
  },
  "velocity": {
    "x": -0.23793908695370192,
    "y": 0
  },
  "angle": 0,
  "angularVelocity": 0
}