{
  "position": {
    "x": 199.98671634711548,
    "y": 0
  },
  "velocity": {
    "x": -0.00237939086963479,
    "y": 0
  },
  "angle": 0,
  "angularVelocity": 0
}