{
  "position": {
    "x": 19907.15969995285,
    "y": 0
  },
  "velocity": {
    "x": -1.5840271813503932,
    "y": 0
  },
  "angle": 0,
  "angularVelocity": 0
}