{
  "position": {
    "x": 19972.874207333676,
    "y": 0
  },
  "velocity": {
    "x": -0.9838976642458874,
    "y": 0
  },
  "angle": 0,
  "angularVelocity": 0
}