{
  "position": {
    "x": 398.262293526777,
    "y": 299.60592692546163
  },
  "velocity": {
    "x": -0.012480945086849715,
    "y": 1.1958466634159208
  },
  "angle": 0,
  "angularVelocity": 0
}