{
  "position": {
    "x": 9999.996877166703,
    "y": 59.9999937793649
  },
  "velocity": {
    "x": -0.000024882903744583018,
    "y": 0.23999992565055805
  },
  "angle": 0,
  "angularVelocity": 0
}