{
  "position": {
    "x": 399.9965792246356,
    "y": 11.999969219029794
  },
  "velocity": {
    "x": -0.0006218473200760855,
    "y": 1.1999916068825662
  },
  "angle": 0,
  "angularVelocity": 0
}