{
  "position": {
    "x": 9999.999873095067,
    "y": 11.999999950253313
  },
  "velocity": {
    "x": -0.000004976664058631286,
    "y": 0.2399999970737241
  },
  "angle": 0,
  "angularVelocity": 0
}