{
  "position": {
    "x": 9999.99999452567,
    "y": 2.3999999996058485
  },
  "velocity": {
    "x": -9.953328117262572e-7,
    "y": 0.23999999989250442
  },
  "angle": 0,
  "angularVelocity": 0
}