{
  "position": {
    "x": 399.9211116413502,
    "y": 59.99615174478282
  },
  "velocity": {
    "x": -0.0030774073125030554,
    "y": 1.1997750392187498
  },
  "angle": 0,
  "angularVelocity": 0
}