{
  "position": {
    "x": 15936.320831865918,
    "y": 145.46742855002321
  },
  "velocity": {
    "x": 1522.5287458060684,
    "y": 26.055884560100793
  },
  "angle": 0,
  "angularVelocity": 0
}