{
  "position": {
    "x": 82290.40267967999,
    "y": 2969.051176202895
  },
  "velocity": {
    "x": 1273.1609156934865,
    "y": 107.63584670502132
  },
  "angle": 1542.9450502439952,
  "angularVelocity": 23.87176716925228
}