{
  "position": {
    "x": 19920.401039832388,
    "y": 145.46742855002321
  },
  "velocity": {
    "x": 1903.1609322575823,
    "y": 26.055884560100793
  },
  "angle": 373.5075194968576,
  "angularVelocity": 35.684267479829714
}