{
  "position": {
    "x": 132076.5955680793,
    "y": 10147.137486698526
  },
  "velocity": {
    "x": 770.2700784369663,
    "y": 172.75618700304403
  },
  "angle": 2476.436166901418,
  "angularVelocity": 14.442563970691936
}