{
  "position": {
    "x": 0,
    "y": -95514.138967765
  },
  "velocity": {
    "x": 0,
    "y": -443.4598757465428
  },
  "angle": 0,
  "angularVelocity": 0
}