{
  "position": {
    "x": 0,
    "y": -62863.270967541284
  },
  "velocity": {
    "x": 0,
    "y": -910.8928858497675
  },
  "angle": 0,
  "angularVelocity": 0
}