{
  "position": {
    "x": 0,
    "y": -15790.853403315905
  },
  "velocity": {
    "x": 0,
    "y": -1496.4728612459676
  },
  "angle": 0,
  "angularVelocity": 0
}